Workbook

Sheet Names
A1: Sample code | B1: Sample Description | D1: Date
A2: SN 358 | B2: Miscanthus 155 C 15% Solids 1 h | D2: 45905
A3: SN 359 | B3: Miscanthus 155 C 15% Solids 70' | D3: 45905
A4: SN 360 | B4: Miscanthus 155 C 25% Solids 1 h | D4: 45905
A5: SN 361 | B5: Miscanthus 155 C 25% Solids 70' | D5: 45905

Sheet Reflectance
A1: SN 358-1 | C1: SN 358-2 | E1: SN 358-3 | G1: SN 358-4 | I1: SN 359-1 | K1: SN 359-2 | M1: SN 359-3 | O1: SN 359-4 | Q1: SN 360-1 | S1: SN 360-2 | U1: SN 360-3 | W1: SN 360-4 | Y1: SN 361-1 | AA1: SN 361-2 | AC1: SN 361-3 | AE1: SN 361-4
A2: Wavelength (nm) | B2: %R | C2: Wavelength (nm) | D2: %R | E2: Wavelength (nm) | F2: %R | G2: Wavelength (nm) | H2: %R | I2: Wavelength (nm) | J2: %R | K2: Wavelength (nm) | L2: %R | M2: Wavelength (nm) | N2: %R | O2: Wavelength (nm) | P2: %R | Q2: Wavelength (nm) | R2: %R | S2: Wavelength (nm) | T2: %R | U2: Wavelength (nm) | V2: %R | W2: Wavelength (nm) | X2: %R | Y2: Wavelength (nm) | Z2: %R | AA2: Wavelength (nm) | AB2: %R | AC2: Wavelength (nm) | AD2: %R | AE2: Wavelength (nm) | AF2: %R
A3: 2500 | B3: 32.677647 | C3: 2500 | D3: 37.333092 | E3: 2500 | F3: 29.621876 | G3: 2500 | H3: 35.538948 | I3: 2500 | J3: 28.627783 | K3: 2500 | L3: 29.813063 | M3: 2500 | N3: 32.303158 | O3: 2500 | P3: 37.038502 | Q3: 2500 | R3: 41.844841 | S3: 2500 | T3: 39.233215 | U3: 2500 | V3: 29.980066 | W3: 2500 | X3: 38.087639 | Y3: 2500 | Z3: 37.883682 | AA3: 2500 | AB3: 36.408253 | AC3: 2500 | AD3: 33.769028 | AE3: 2500 | AF3: 36.386974
A4: 2496 | B4: 40.747711 | C4: 2496 | D4: 36.01786 | E4: 2496 | F4: 33.964931 | G4: 2496 | H4: 37.779701 | I4: 2496 | J4: 30.445496 | K4: 2496 | L4: 31.081968 | M4: 2496 | N4: 34.489857 | O4: 2496 | P4: 30.631706 | Q4: 2496 | R4: 38.136311 | S4: 2496 | T4: 34.348557 | U4: 2496 | V4: 31.531796 | W4: 2496 | X4: 27.996037 | Y4: 2496 | Z4: 31.118361 | AA4: 2496 | AB4: 40.058865 | AC4: 2496 | AD4: 34.821548 | AE4: 2496 | AF4: 37.828098
A5: 2492 | B5: 35.765717 | C5: 2492 | D5: 36.126102 | E5: 2492 | F5: 35.407566 | G5: 2492 | H5: 36.887672 | I5: 2492 | J5: 29.33275 | K5: 2492 | L5: 34.836464 | M5: 2492 | N5: 30.916748 | O5: 2492 | P5: 29.482615 | Q5: 2492 | R5: 35.883995 | S5: 2492 | T5: 36.653831 | U5: 2492 | V5: 36.912292 | W5: 2492 | X5: 39.631619 | Y5: 2492 | Z5: 31.772497 | AA5: 2492 | AB5: 29.826672 | AC5: 2492 | AD5: 36.195168 | AE5: 2492 | AF5: 30.168156
A6: 2488 | B6: 34.046043 | C6: 2488 | D6: 30.818281 | E6: 2488 | F6: 38.878094 | G6: 2488 | H6: 32.768108 | I6: 2488 | J6: 26.656649 | K6: 2488 | L6: 30.797968 | M6: 2488 | N6: 37.059532 | O6: 2488 | P6: 30.296141 | Q6: 2488 | R6: 32.025314 | S6: 2488 | T6: 38.685242 | U6: 2488 | V6: 33.687954 | W6: 2488 | X6: 24.741003 | Y6: 2488 | Z6: 37.294025 | AA6: 2488 | AB6: 41.411037 | AC6: 2488 | AD6: 28.236372 | AE6: 2488 | AF6: 41.137375
A7: 2484 | B7: 37.567554 | C7: 2484 | D7: 37.559757 | E7: 2484 | F7: 34.578968 | G7: 2484 | H7: 35.595783 | I7: 2484 | J7: 28.127474 | K7: 2484 | L7: 33.98671 | M7: 2484 | N7: 32.915348 | O7: 2484 | P7: 30.67379 | Q7: 2484 | R7: 35.73317 | S7: 2484 | T7: 37.618896 | U7: 2484 | V7: 30.046038 | W7: 2484 | X7: 37.062176 | Y7: 2484 | Z7: 34.309277 | AA7: 2484 | AB7: 32.986145 | AC7: 2484 | AD7: 33.362923 | AE7: 2484 | AF7: 42.285343
A8: 2480 | B8: 36.894348 | C8: 2480 | D8: 35.383469 | E8: 2480 | F8: 37.543449 | G8: 2480 | H8: 36.636711 | I8: 2480 | J8: 34.301708 | K8: 2480 | L8: 25.531223 | M8: 2480 | N8: 36.227158 | O8: 2480 | P8: 35.719917 | Q8: 2480 | R8: 42.283627 | S8: 2480 | T8: 41.982796 | U8: 2480 | V8: 39.373901 | W8: 2480 | X8: 34.478909 | Y8: 2480 | Z8: 34.870312 | AA8: 2480 | AB8: 29.524723 | AC8: 2480 | AD8: 37.72649 | AE8: 2480 | AF8: 37.274818
A9: 2476 | B9: 37.993526 | C9: 2476 | D9: 38.177086 | E9: 2476 | F9: 34.575901 | G9: 2476 | H9: 40.058067 | I9: 2476 | J9: 31.20005 | K9: 2476 | L9: 28.688112 | M9: 2476 | N9: 25.101185 | O9: 2476 | P9: 33.627098 | Q9: 2476 | R9: 34.720024 | S9: 2476 | T9: 34.829247 | U9: 2476 | V9: 41.661377 | W9: 2476 | X9: 30.942682 | Y9: 2476 | Z9: 39.574425 | AA9: 2476 | AB9: 35.30249 | AC9: 2476 | AD9: 36.857616 | AE9: 2476 | AF9: 34.042824
A10: 2472 | B10: 41.74387 | C10: 2472 | D10: 37.19471 | E10: 2472 | F10: 35.539997 | G10: 2472 | H10: 29.68531 | I10: 2472 | J10: 32.98605 | K10: 2472 | L10: 26.636702 | M10: 2472 | N10: 37.648998 | O10: 2472 | P10: 34.752983 | Q10: 2472 | R10: 37.298222 | S10: 2472 | T10: 31.529459 | U10: 2472 | V10: 35.005112 | W10: 2472 | X10: 38.129501 | Y10: 2472 | Z10: 38.225315 | AA10: 2472 | AB10: 39.828545 | AC10: 2472 | AD10: 29.071209 | AE10: 2472 | AF10: 47.754063
A11: 2468 | B11: 36.428757 | C11: 2468 | D11: 36.513229 | E11: 2468 | F11: 40.296059 | G11: 2468 | H11: 38.926533 | I11: 2468 | J11: 28.893942 | K11: 2468 | L11: 32.564075 | M11: 2468 | N11: 36.662128 | O11: 2468 | P11: 39.421329 | Q11: 2468 | R11: 37.783928 | S11: 2468 | T11: 43.603558 | U11: 2468 | V11: 36.208225 | W11: 2468 | X11: 41.422317 | Y11: 2468 | Z11: 40.166359 | AA11: 2468 | AB11: 47.388264 | AC11: 2468 | AD11: 33.159492 | AE11: 2468 | AF11: 37.056507
A12: 2464 | B12: 40.303104 | C12: 2464 | D12: 36.081005 | E12: 2464 | F12: 37.219181 | G12: 2464 | H12: 37.314217 | I12: 2464 | J12: 35.269917 | K12: 2464 | L12: 29.891113 | M12: 2464 | N12: 30.428768 | O12: 2464 | P12: 33.316578 | Q12: 2464 | R12: 39.152504 | S12: 2464 | T12: 34.943741 | U12: 2464 | V12: 35.102524 | W12: 2464 | X12: 35.498173 | Y12: 2464 | Z12: 35.391151 | AA12: 2464 | AB12: 30.726877 | AC12: 2464 | AD12: 34.350197 | AE12: 2464 | AF12: 37.869637
A13: 2460 | B13: 37.098232 | C13: 2460 | D13: 40.220947 | E13: 2460 | F13: 40.926159 | G13: 2460 | H13: 41.639088 | I13: 2460 | J13: 41.188175 | K13: 2460 | L13: 40.462486 | M13: 2460 | N13: 36.606541 | O13: 2460 | P13: 37.013954 | Q13: 2460 | R13: 40.31588 | S13: 2460 | T13: 41.872414 | U13: 2460 | V13: 36.041595 | W13: 2460 | X13: 33.603661 | Y13: 2460 | Z13: 40.194931 | AA13: 2460 | AB13: 38.944435 | AC13: 2460 | AD13: 40.381947 | AE13: 2460 | AF13: 40.772465
A14: 2456 | B14: 43.491589 | C14: 2456 | D14: 43.218655 | E14: 2456 | F14: 46.331409 | G14: 2456 | H14: 35.657841 | I14: 2456 | J14: 31.745821 | K14: 2456 | L14: 40.407555 | M14: 2456 | N14: 37.946953 | O14: 2456 | P14: 38.983097 | Q14: 2456 | R14: 35.981499 | S14: 2456 | T14: 37.618301 | U14: 2456 | V14: 38.388912 | W14: 2456 | X14: 38.387794 | Y14: 2456 | Z14: 42.039143 | AA14: 2456 | AB14: 38.674728 | AC14: 2456 | AD14: 39.027061 | AE14: 2456 | AF14: 45.309536
... A428: 800 | B428: 44.276367 | C428: 800 | D428: 49.577339 | E428: 800 | F428: 42.994125 | G428: 800 | H428: 49.17955 | I428: 800 | J428: 43.889797 | K428: 800 | L428: 47.504158 | M428: 800 | N428: 44.830658 | O428: 800 | P428: 45.788891 | Q428: 800 | R428: 36.406189 | S428: 800 | T428: 43.252899 | U428: 800 | V428: 36.557537 | W428: 800 | X428: 37.185921 | Y428: 800 | Z428: 43.609245 | AA428: 800 | AB428: 41.423912 | AC428: 800 | AD428: 41.12043 | AE428: 800 | AF428: 45.209171
A446: New:Choice 1
A447: New:Choice 0
A448: New:Choice 1
A449: New:Choice 0
A450: New:2
A451: New:2500.000
A452: New:800.000
A453: New: 600.000
A454: New: 2400.000
A455: New: 4.000
A456: New:%R
A457: New: -5.00
... A1867: New:Double fixed slit

Sheet Compositions
A1: =Names!A1 -> Sample code | B1: =Names!B1 -> Sample Description | D1: Glucan | E1: Xylan | F1: Galactan | G1: Arabinan | H1: Mannan | I1: ASL | J1: AIL | K1: Ash | L1: Extractives | N1: Glucan_err | O1: Xylan_err | P1: Galactan_err | Q1: Arabinan_err | R1: Mannan_err | S1: ASL_err | T1: AIL_err | U1: Ash_err | V1: Extractives_err
A2: =Names!A2 -> SN 358 | B2: =Names!B2 -> Miscanthus 155 C 15% Solids 1 h
A3: =Names!A3 -> SN 359 | B3: =Names!B3 -> Miscanthus 155 C 15% Solids 70'
A4: =Names!A4 -> SN 360 | B4: =Names!B4 -> Miscanthus 155 C 25% Solids 1 h
A5: =Names!A5 -> SN 361 | B5: =Names!B5 -> Miscanthus 155 C 25% Solids 70'
A6: =Names!A6 -> 0 | B6: =Names!B6 -> 0
A7: =Names!A7 -> 0 | B7: =Names!B7 -> 0
A8: =Names!A8 -> 0 | B8: =Names!B8 -> 0
A9: =Names!A9 -> 0 | B9: =Names!B9 -> 0
A10: =Names!A10 -> 0 | B10: =Names!B10 -> 0
A11: =Names!A11 -> 0 | B11: =Names!B11 -> 0
A12: =Names!A12 -> 0 | B12: =Names!B12 -> 0
A13: =Names!A13 -> 0 | B13: =Names!B13 -> 0
... A200: =Names!A200 -> 0 | B200: =Names!B200 -> 0
